timestamp_ns,timestamp_iso,valor
1787011200093750000,2026-08-17T19:00:00.093750,4.045071
1787011200125000000,2026-08-17T19:00:00.125000,3.917811
1787011200156250000,2026-08-17T19:00:00.156250,3.390588
1787011200187500000,2026-08-17T19:00:00.187500,3.117886
1787011200218750000,2026-08-17T19:00:00.218750,2.827005
1787011200250000000,2026-08-17T19:00:00.250000,2.881545
1787011200281250000,2026-08-17T19:00:00.281250,2.299782
1787011200312500000,2026-08-17T19:00:00.312500,1.990721
1787011200343750000,2026-08-17T19:00:00.343750,1.899820
1787011200375000000,2026-08-17T19:00:00.375000,1.499858
1787011200406250000,2026-08-17T19:00:00.406250,1.336237
1787011200437500000,2026-08-17T19:00:00.437500,1.281697
1787011200468750000,2026-08-17T19:00:00.468750,1.136256
1787011200500000000,2026-08-17T19:00:00.500000,0.899915
1787011200531250000,2026-08-17T19:00:00.531250,0.663574
1787011200562500000,2026-08-17T19:00:00.562500,0.299972
1787011200593750000,2026-08-17T19:00:00.593750,-0.190891
1787011200625000000,2026-08-17T19:00:00.625000,-0.518133
1787011200656250000,2026-08-17T19:00:00.656250,-0.918095
1787011200687500000,2026-08-17T19:00:00.687500,-1.154436
1787011200718750000,2026-08-17T19:00:00.718750,-1.299877
1787011200750000000,2026-08-17T19:00:00.750000,-1.481678
1787011200781250000,2026-08-17T19:00:00.781250,-1.881640
1787011200812500000,2026-08-17T19:00:00.812500,-2.299782
1787011200843750000,2026-08-17T19:00:00.843750,-2.681564
1787011200875000000,2026-08-17T19:00:00.875000,-3.099706
1787011200906250000,2026-08-17T19:00:00.906250,-3.372408
1787011200937500000,2026-08-17T19:00:00.937500,-3.499668
1787011200968750000,2026-08-17T19:00:00.968750,-3.772370
1787011201000000000,2026-08-17T19:00:01,-4.045071
1787011201031250000,2026-08-17T19:00:01.031250,-4.008711
1787011201062500000,2026-08-17T19:00:01.062500,-4.226872
1787011201093750000,2026-08-17T19:00:01.093750,-4.335953
1787011201125000000,2026-08-17T19:00:01.125000,-4.354133
1787011201156250000,2026-08-17T19:00:01.156250,-4.299593
1787011201187500000,2026-08-17T19:00:01.187500,-4.663195
1787011201218750000,2026-08-17T19:00:01.218750,-4.917716
1787011201250000000,2026-08-17T19:00:01.250000,-5.026797
1787011201281250000,2026-08-17T19:00:01.281250,-5.172237
1787011201312500000,2026-08-17T19:00:01.312500,-5.208598
1787011201343750000,2026-08-17T19:00:01.343750,-5.354038
1787011201375000000,2026-08-17T19:00:01.375000,-5.499479
1787011201406250000,2026-08-17T19:00:01.406250,-5.863081
1787011201437500000,2026-08-17T19:00:01.437500,-5.717640
1787011201468750000,2026-08-17T19:00:01.468750,-5.554019
1787011201500000000,2026-08-17T19:00:01.500000,-5.735820
1787011201531250000,2026-08-17T19:00:01.531250,-5.935801
1787011201562500000,2026-08-17T19:00:01.562500,-5.608560
1787011201593750000,2026-08-17T19:00:01.593750,-5.717640
1787011201625000000,2026-08-17T19:00:01.625000,-5.917621
1787011201656250000,2026-08-17T19:00:01.656250,-5.608560
1787011201687500000,2026-08-17T19:00:01.687500,-5.372218
1787011201718750000,2026-08-17T19:00:01.718750,-5.754000
1787011201750000000,2026-08-17T19:00:01.750000,-5.953981
1787011201781250000,2026-08-17T19:00:01.781250,-5.881261
1787011201812500000,2026-08-17T19:00:01.812500,-5.772180
1787011201843750000,2026-08-17T19:00:01.843750,-5.608560
1787011201875000000,2026-08-17T19:00:01.875000,-5.299498
1787011201906250000,2026-08-17T19:00:01.906250,-4.917716
1787011201937500000,2026-08-17T19:00:01.937500,-5.081337
1787011201968750000,2026-08-17T19:00:01.968750,-5.190417
1787011202000000000,2026-08-17T19:00:02,-5.063157
1787011202031250000,2026-08-17T19:00:02.031250,-4.917716
1787011202062500000,2026-08-17T19:00:02.062500,-4.426853
1787011202093750000,2026-08-17T19:00:02.093750,-4.008711
1787011202125000000,2026-08-17T19:00:02.125000,-3.663289
1787011202156250000,2026-08-17T19:00:02.156250,-3.536029
1787011202187500000,2026-08-17T19:00:02.187500,-3.099706
1787011202218750000,2026-08-17T19:00:02.218750,-3.045166
1787011202250000000,2026-08-17T19:00:02.250000,-2.772465
1787011202281250000,2026-08-17T19:00:02.281250,-2.627024
1787011202312500000,2026-08-17T19:00:02.312500,-2.045261
1787011202343750000,2026-08-17T19:00:02.343750,-1.699839
1787011202375000000,2026-08-17T19:00:02.375000,-1.336237
1787011202406250000,2026-08-17T19:00:02.406250,-0.736294
1787011202437500000,2026-08-17T19:00:02.437500,-0.336332
1787011202468750000,2026-08-17T19:00:02.468750,-0.045450
1787011202500000000,2026-08-17T19:00:02.500000,0.209071
1787011202531250000,2026-08-17T19:00:02.531250,0.318152
1787011202562500000,2026-08-17T19:00:02.562500,0.409052
1787011202593750000,2026-08-17T19:00:02.593750,0.736294
1787011202625000000,2026-08-17T19:00:02.625000,1.263517
1787011202656250000,2026-08-17T19:00:02.656250,1.499858
1787011202687500000,2026-08-17T19:00:02.687500,1.772559
1787011202718750000,2026-08-17T19:00:02.718750,2.281602
1787011202750000000,2026-08-17T19:00:02.750000,2.517943
1787011202781250000,2026-08-17T19:00:02.781250,2.608844
1787011202812500000,2026-08-17T19:00:02.812500,3.136067
1787011202843750000,2026-08-17T19:00:02.843750,3.408768
1787011202875000000,2026-08-17T19:00:02.875000,3.263327
1787011202906250000,2026-08-17T19:00:02.906250,3.536029
1787011202937500000,2026-08-17T19:00:02.937500,3.863270
1787011202968750000,2026-08-17T19:00:02.968750,3.790550
1787011203000000000,2026-08-17T19:00:03,4.190512
1787011203031250000,2026-08-17T19:00:03.031250,4.517754
1787011203062500000,2026-08-17T19:00:03.062500,4.535934
1787011203093750000,2026-08-17T19:00:03.093750,4.299593
1787011203125000000,2026-08-17T19:00:03.125000,4.317773
1787011203156250000,2026-08-17T19:00:03.156250,4.172332
1787011203187500000,2026-08-17T19:00:03.187500,4.463214
1787011203218750000,2026-08-17T19:00:03.218750,4.663195
1787011203250000000,2026-08-17T19:00:03.250000,4.935896
1787011203281250000,2026-08-17T19:00:03.281250,5.244958
1787011203312500000,2026-08-17T19:00:03.312500,5.499479
1787011203343750000,2026-08-17T19:00:03.343750,5.517659
1787011203375000000,2026-08-17T19:00:03.375000,5.626740
1787011203406250000,2026-08-17T19:00:03.406250,5.826721
1787011203437500000,2026-08-17T19:00:03.437500,5.772180
1787011203468750000,2026-08-17T19:00:03.468750,5.953981
1787011203500000000,2026-08-17T19:00:03.500000,5.735820
1787011203531250000,2026-08-17T19:00:03.531250,5.608560
1787011203562500000,2026-08-17T19:00:03.562500,5.354038
1787011203593750000,2026-08-17T19:00:03.593750,5.354038
1787011203625000000,2026-08-17T19:00:03.625000,5.226778
1787011203656250000,2026-08-17T19:00:03.656250,5.190417
1787011203687500000,2026-08-17T19:00:03.687500,5.481299
1787011203718750000,2026-08-17T19:00:03.718750,5.754000
1787011203750000000,2026-08-17T19:00:03.750000,5.844901
1787011203781250000,2026-08-17T19:00:03.781250,5.699460
1787011203812500000,2026-08-17T19:00:03.812500,5.863081
1787011203843750000,2026-08-17T19:00:03.843750,5.481299
1787011203875000000,2026-08-17T19:00:03.875000,5.463119
1787011203906250000,2026-08-17T19:00:03.906250,5.317678
1787011203937500000,2026-08-17T19:00:03.937500,5.426759
1787011203968750000,2026-08-17T19:00:03.968750,5.372218
1787011204000000000,2026-08-17T19:00:04,5.499479
1787011204031250000,2026-08-17T19:00:04.031250,5.335858
1787011204062500000,2026-08-17T19:00:04.062500,5.372218
1787011204093750000,2026-08-17T19:00:04.093750,5.426759
1787011204125000000,2026-08-17T19:00:04.125000,5.263138
1787011204156250000,2026-08-17T19:00:04.156250,5.408579
1787011204187500000,2026-08-17T19:00:04.187500,5.317678
1787011204218750000,2026-08-17T19:00:04.218750,5.135877
1787011204250000000,2026-08-17T19:00:04.250000,4.899536
1787011204281250000,2026-08-17T19:00:04.281250,5.044977
1787011204312500000,2026-08-17T19:00:04.312500,4.917716
1787011204343750000,2026-08-17T19:00:04.343750,5.081337
1787011204375000000,2026-08-17T19:00:04.375000,5.335858
1787011204406250000,2026-08-17T19:00:04.406250,5.317678
1787011204437500000,2026-08-17T19:00:04.437500,5.463119
1787011204468750000,2026-08-17T19:00:04.468750,5.572199
1787011204500000000,2026-08-17T19:00:04.500000,5.463119
1787011204531250000,2026-08-17T19:00:04.531250,5.335858
1787011204562500000,2026-08-17T19:00:04.562500,5.408579
1787011204593750000,2026-08-17T19:00:04.593750,5.172237
1787011204625000000,2026-08-17T19:00:04.625000,5.008616
1787011204656250000,2026-08-17T19:00:04.656250,5.063157
1787011204687500000,2026-08-17T19:00:04.687500,5.354038
1787011204718750000,2026-08-17T19:00:04.718750,5.354038
1787011204750000000,2026-08-17T19:00:04.750000,5.590380
1787011204781250000,2026-08-17T19:00:04.781250,5.590380
1787011204812500000,2026-08-17T19:00:04.812500,5.390398
1787011204843750000,2026-08-17T19:00:04.843750,5.172237
1787011204875000000,2026-08-17T19:00:04.875000,4.844996
1787011204906250000,2026-08-17T19:00:04.906250,4.517754
1787011204937500000,2026-08-17T19:00:04.937500,4.245052
1787011204968750000,2026-08-17T19:00:04.968750,3.881450
1787011205000000000,2026-08-17T19:00:05,3.772370
1787011205031250000,2026-08-17T19:00:05.031250,3.626929
1787011205062500000,2026-08-17T19:00:05.062500,3.390588
1787011205093750000,2026-08-17T19:00:05.093750,3.190607
1787011205125000000,2026-08-17T19:00:05.125000,3.208787
1787011205156250000,2026-08-17T19:00:05.156250,2.881545
1787011205187500000,2026-08-17T19:00:05.187500,2.808825
1787011205218750000,2026-08-17T19:00:05.218750,2.681564
1787011205250000000,2026-08-17T19:00:05.250000,2.645204
1787011205281250000,2026-08-17T19:00:05.281250,2.517943
1787011205312500000,2026-08-17T19:00:05.312500,2.263422
1787011205343750000,2026-08-17T19:00:05.343750,2.281602
1787011205375000000,2026-08-17T19:00:05.375000,2.172521
1787011205406250000,2026-08-17T19:00:05.406250,1.863460
1787011205437500000,2026-08-17T19:00:05.437500,1.408957
1787011205468750000,2026-08-17T19:00:05.468750,1.263517
1787011205500000000,2026-08-17T19:00:05.500000,1.027175
1787011205531250000,2026-08-17T19:00:05.531250,0.809014
1787011205562500000,2026-08-17T19:00:05.562500,0.845374
1787011205593750000,2026-08-17T19:00:05.593750,0.790834
1787011205625000000,2026-08-17T19:00:05.625000,0.572673
1787011205656250000,2026-08-17T19:00:05.656250,0.409052
1787011205687500000,2026-08-17T19:00:05.687500,0.045450
1787011205718750000,2026-08-17T19:00:05.718750,-0.554493
1787011205750000000,2026-08-17T19:00:05.750000,-0.827194
1787011205781250000,2026-08-17T19:00:05.781250,-1.390777
1787011205812500000,2026-08-17T19:00:05.812500,-1.790739
1787011205843750000,2026-08-17T19:00:05.843750,-2.045261
1787011205875000000,2026-08-17T19:00:05.875000,-2.336142
1787011205906250000,2026-08-17T19:00:05.906250,-2.717924
1787011205937500000,2026-08-17T19:00:05.937500,-2.663384
1787011205968750000,2026-08-17T19:00:05.968750,-3.063346
1787011206000000000,2026-08-17T19:00:06,-3.499668
1787011206031250000,2026-08-17T19:00:06.031250,-3.736010
1787011206062500000,2026-08-17T19:00:06.062500,-3.754190
1787011206093750000,2026-08-17T19:00:06.093750,-4.117792
1787011206125000000,2026-08-17T19:00:06.125000,-4.372313
1787011206156250000,2026-08-17T19:00:06.156250,-4.354133
1787011206187500000,2026-08-17T19:00:06.187500,-4.517754
1787054400093750000,2026-08-18T07:00:00.093750,5.953981
1787054400125000000,2026-08-18T07:00:00.125000,6.063062
1787054400156250000,2026-08-18T07:00:00.156250,6.117602
1787054400187500000,2026-08-18T07:00:00.187500,6.153962
1787054400218750000,2026-08-18T07:00:00.218750,6.044882
1787054400250000000,2026-08-18T07:00:00.250000,5.844901
1787054400281250000,2026-08-18T07:00:00.281250,5.808541
1787054400312500000,2026-08-18T07:00:00.312500,5.663100
1787054400343750000,2026-08-18T07:00:00.343750,5.335858
1787054400375000000,2026-08-18T07:00:00.375000,5.390398
1787054400406250000,2026-08-18T07:00:00.406250,5.535839
1787054400437500000,2026-08-18T07:00:00.437500,5.535839
1787054400468750000,2026-08-18T07:00:00.468750,5.572199
1787054400500000000,2026-08-18T07:00:00.500000,5.808541
1787054400531250000,2026-08-18T07:00:00.531250,5.826721
1787054400562500000,2026-08-18T07:00:00.562500,5.808541
1787054400593750000,2026-08-18T07:00:00.593750,5.626740
1787054400625000000,2026-08-18T07:00:00.625000,5.444939
1787054400656250000,2026-08-18T07:00:00.656250,5.281318
1787054400687500000,2026-08-18T07:00:00.687500,5.317678
1787054400718750000,2026-08-18T07:00:00.718750,5.517659
1787054400750000000,2026-08-18T07:00:00.750000,5.681280
1787054400781250000,2026-08-18T07:00:00.781250,5.917621
1787054400812500000,2026-08-18T07:00:00.812500,5.699460
1787054400843750000,2026-08-18T07:00:00.843750,5.390398
1787054400875000000,2026-08-18T07:00:00.875000,4.935896
1787054400906250000,2026-08-18T07:00:00.906250,4.790455
1787054400937500000,2026-08-18T07:00:00.937500,4.408673
1787054400968750000,2026-08-18T07:00:00.968750,4.899536
1787054401000000000,2026-08-18T07:00:01,5.154057
1787054401031250000,2026-08-18T07:00:01.031250,5.263138
1787054401062500000,2026-08-18T07:00:01.062500,5.317678
1787054401093750000,2026-08-18T07:00:01.093750,5.263138
1787054401125000000,2026-08-18T07:00:01.125000,4.954076
1787054401156250000,2026-08-18T07:00:01.156250,4.735915
1787054401187500000,2026-08-18T07:00:01.187500,4.935896
1787054401218750000,2026-08-18T07:00:01.218750,4.954076
1787054401250000000,2026-08-18T07:00:01.250000,5.063157
1787054401281250000,2026-08-18T07:00:01.281250,5.063157
1787054401312500000,2026-08-18T07:00:01.312500,5.117697
1787054401343750000,2026-08-18T07:00:01.343750,4.790455
1787054401375000000,2026-08-18T07:00:01.375000,4.426853
1787054401406250000,2026-08-18T07:00:01.406250,4.535934
1787054401437500000,2026-08-18T07:00:01.437500,4.663195
1787054401468750000,2026-08-18T07:00:01.468750,4.317773
1787054401500000000,2026-08-18T07:00:01.500000,4.317773
1787054401531250000,2026-08-18T07:00:01.531250,4.408673
1787054401562500000,2026-08-18T07:00:01.562500,4.026891
1787054401593750000,2026-08-18T07:00:01.593750,3.699650
1787054401625000000,2026-08-18T07:00:01.625000,3.772370
1787054401656250000,2026-08-18T07:00:01.656250,3.808730
1787054401687500000,2026-08-18T07:00:01.687500,3.699650
1787054401718750000,2026-08-18T07:00:01.718750,3.426948
1787054401750000000,2026-08-18T07:00:01.750000,3.172427
1787054401781250000,2026-08-18T07:00:01.781250,2.972446
1787054401812500000,2026-08-18T07:00:01.812500,2.517943
1787054401843750000,2026-08-18T07:00:01.843750,2.281602
1787054401875000000,2026-08-18T07:00:01.875000,2.499763
1787054401906250000,2026-08-18T07:00:01.906250,2.554303
1787054401937500000,2026-08-18T07:00:01.937500,2.590664
1787054401968750000,2026-08-18T07:00:01.968750,2.517943
1787054402000000000,2026-08-18T07:00:02,2.172521
1787054402031250000,2026-08-18T07:00:02.031250,1.645299
1787054402062500000,2026-08-18T07:00:02.062500,0.954455
1787054402093750000,2026-08-18T07:00:02.093750,0.590853
1787054402125000000,2026-08-18T07:00:02.125000,0.027270
1787054402156250000,2026-08-18T07:00:02.156250,-0.009090
1787054402187500000,2026-08-18T07:00:02.187500,-0.263611
1787054402218750000,2026-08-18T07:00:02.218750,-0.081810
1787054402250000000,2026-08-18T07:00:02.250000,-0.336332
1787054402281250000,2026-08-18T07:00:02.281250,-0.263611
1787054402312500000,2026-08-18T07:00:02.312500,-0.590853
1787054402343750000,2026-08-18T07:00:02.343750,-1.008995
1787054402375000000,2026-08-18T07:00:02.375000,-1.445318
1787054402406250000,2026-08-18T07:00:02.406250,-1.990721
1787054402437500000,2026-08-18T07:00:02.437500,-2.354322
1787054402468750000,2026-08-18T07:00:02.468750,-2.917905
1787054402500000000,2026-08-18T07:00:02.500000,-2.845185
1787054402531250000,2026-08-18T07:00:02.531250,-3.226967
1787054402562500000,2026-08-18T07:00:02.562500,-3.208787
1787054402593750000,2026-08-18T07:00:02.593750,-3.463308
1787054402625000000,2026-08-18T07:00:02.625000,-3.372408
1787054402656250000,2026-08-18T07:00:02.656250,-3.881450
1787054402687500000,2026-08-18T07:00:02.687500,-3.917811
1787054402718750000,2026-08-18T07:00:02.718750,-4.335953
1787054402750000000,2026-08-18T07:00:02.750000,-4.390493
1787054402781250000,2026-08-18T07:00:02.781250,-4.899536
1787054402812500000,2026-08-18T07:00:02.812500,-4.772275
1787054402843750000,2026-08-18T07:00:02.843750,-4.899536
1787054402875000000,2026-08-18T07:00:02.875000,-4.772275
1787054402906250000,2026-08-18T07:00:02.906250,-5.063157
1787054402937500000,2026-08-18T07:00:02.937500,-4.844996
1787054402968750000,2026-08-18T07:00:02.968750,-5.081337
1787054403000000000,2026-08-18T07:00:03,-5.408579
1787054403031250000,2026-08-18T07:00:03.031250,-5.917621
1787054403062500000,2026-08-18T07:00:03.062500,-5.917621
1787054403093750000,2026-08-18T07:00:03.093750,-6.044882
1787054403125000000,2026-08-18T07:00:03.125000,-6.281223
1787054403156250000,2026-08-18T07:00:03.156250,-5.790361
1787054403187500000,2026-08-18T07:00:03.187500,-5.444939
1787054403218750000,2026-08-18T07:00:03.218750,-5.517659
1787054403250000000,2026-08-18T07:00:03.250000,-5.790361
1787054403281250000,2026-08-18T07:00:03.281250,-5.408579
1787054403312500000,2026-08-18T07:00:03.312500,-5.663100
1787054403343750000,2026-08-18T07:00:03.343750,-5.735820
1787054403375000000,2026-08-18T07:00:03.375000,-5.681280
1787054403406250000,2026-08-18T07:00:03.406250,-5.172237
1787054403437500000,2026-08-18T07:00:03.437500,-5.154057
1787054403468750000,2026-08-18T07:00:03.468750,-4.699555
1787054403500000000,2026-08-18T07:00:03.500000,-4.281413
1787054403531250000,2026-08-18T07:00:03.531250,-4.154152
1787054403562500000,2026-08-18T07:00:03.562500,-4.045071
1787054403593750000,2026-08-18T07:00:03.593750,-3.681469
1787054403625000000,2026-08-18T07:00:03.625000,-3.863270
1787054403656250000,2026-08-18T07:00:03.656250,-3.663289
1787054403687500000,2026-08-18T07:00:03.687500,-3.408768
1787054403718750000,2026-08-18T07:00:03.718750,-3.226967
1787054403750000000,2026-08-18T07:00:03.750000,-3.026986
1787054403781250000,2026-08-18T07:00:03.781250,-2.827005
1787054403812500000,2026-08-18T07:00:03.812500,-2.263422
1787054403843750000,2026-08-18T07:00:03.843750,-1.918000
1787054403875000000,2026-08-18T07:00:03.875000,-1.590758
1787054403906250000,2026-08-18T07:00:03.906250,-1.354417
1787054403937500000,2026-08-18T07:00:03.937500,-0.918095
1787054403968750000,2026-08-18T07:00:03.968750,-1.008995
1787054404000000000,2026-08-18T07:00:04,-0.499953
1787054404031250000,2026-08-18T07:00:04.031250,-0.354512
1787054404062500000,2026-08-18T07:00:04.062500,-0.045450
1787054404093750000,2026-08-18T07:00:04.093750,0.172711
1787054404125000000,2026-08-18T07:00:04.125000,0.390872
1787054404156250000,2026-08-18T07:00:04.156250,0.554493
1787054404187500000,2026-08-18T07:00:04.187500,1.190796
1787054404218750000,2026-08-18T07:00:04.218750,1.063536
1787054404250000000,2026-08-18T07:00:04.250000,1.663479
1787054404281250000,2026-08-18T07:00:04.281250,2.081621
1787054404312500000,2026-08-18T07:00:04.312500,2.372503
1787054404343750000,2026-08-18T07:00:04.343750,2.481583
1787054404375000000,2026-08-18T07:00:04.375000,3.372408
1787054404406250000,2026-08-18T07:00:04.406250,3.481488
1787054404437500000,2026-08-18T07:00:04.437500,3.699650
1787054404468750000,2026-08-18T07:00:04.468750,3.772370
1787054404500000000,2026-08-18T07:00:04.500000,4.026891
1787054404531250000,2026-08-18T07:00:04.531250,4.081432
1787054404562500000,2026-08-18T07:00:04.562500,4.208692
1787054404593750000,2026-08-18T07:00:04.593750,4.481394
1787054404625000000,2026-08-18T07:00:04.625000,4.808635
1787054404656250000,2026-08-18T07:00:04.656250,4.954076
1787054404687500000,2026-08-18T07:00:04.687500,5.081337
1787054404718750000,2026-08-18T07:00:04.718750,5.444939
1787054404750000000,2026-08-18T07:00:04.750000,5.444939
1787054404781250000,2026-08-18T07:00:04.781250,5.372218
1787054404812500000,2026-08-18T07:00:04.812500,5.263138
1787054404843750000,2026-08-18T07:00:04.843750,5.154057
1787054404875000000,2026-08-18T07:00:04.875000,4.935896
1787054404906250000,2026-08-18T07:00:04.906250,5.008616
1787054404937500000,2026-08-18T07:00:04.937500,5.099517
1787054404968750000,2026-08-18T07:00:04.968750,5.444939
1787054405000000000,2026-08-18T07:00:05,5.554019
1787054405031250000,2026-08-18T07:00:05.031250,5.408579
1787054405062500000,2026-08-18T07:00:05.062500,5.335858
1787054405093750000,2026-08-18T07:00:05.093750,5.554019
1787054405125000000,2026-08-18T07:00:05.125000,5.754000
1787054405156250000,2026-08-18T07:00:05.156250,5.790361
1787054405187500000,2026-08-18T07:00:05.187500,6.063062
1787054405218750000,2026-08-18T07:00:05.218750,6.190323
1787054405250000000,2026-08-18T07:00:05.250000,6.117602
1787054405281250000,2026-08-18T07:00:05.281250,6.063062
1787054405312500000,2026-08-18T07:00:05.312500,6.026702
1787054405343750000,2026-08-18T07:00:05.343750,6.172143
1787054405375000000,2026-08-18T07:00:05.375000,6.044882
1787054405406250000,2026-08-18T07:00:05.406250,6.117602
1787054405437500000,2026-08-18T07:00:05.437500,5.735820
1787054405468750000,2026-08-18T07:00:05.468750,5.899441
1787054405500000000,2026-08-18T07:00:05.500000,5.735820
1787054405531250000,2026-08-18T07:00:05.531250,5.972162
1787054405562500000,2026-08-18T07:00:05.562500,6.117602
1787054405593750000,2026-08-18T07:00:05.593750,6.208503
1787054405625000000,2026-08-18T07:00:05.625000,6.244863
1787054405656250000,2026-08-18T07:00:05.656250,6.208503
1787054405687500000,2026-08-18T07:00:05.687500,6.190323
1787054405718750000,2026-08-18T07:00:05.718750,5.844901
1787054405750000000,2026-08-18T07:00:05.750000,6.281223
1787054405781250000,2026-08-18T07:00:05.781250,6.044882
1787054405812500000,2026-08-18T07:00:05.812500,6.244863
1787054405843750000,2026-08-18T07:00:05.843750,5.826721
1787054405875000000,2026-08-18T07:00:05.875000,5.735820
1787054405906250000,2026-08-18T07:00:05.906250,5.681280
1787054405937500000,2026-08-18T07:00:05.937500,5.644920
1787054405968750000,2026-08-18T07:00:05.968750,5.026797
1787054406000000000,2026-08-18T07:00:06,5.190417
1787054406031250000,2026-08-18T07:00:06.031250,5.517659
1787054406062500000,2026-08-18T07:00:06.062500,5.135877
1787054406093750000,2026-08-18T07:00:06.093750,4.808635
1787054406125000000,2026-08-18T07:00:06.125000,4.972256
1787054406156250000,2026-08-18T07:00:06.156250,4.663195
1787054406187500000,2026-08-18T07:00:06.187500,4.372313
1787097600093750000,2026-08-18T19:00:00.093750,0.354512
1787097600125000000,2026-08-18T19:00:00.125000,-0.045450
1787097600156250000,2026-08-18T19:00:00.156250,-0.045450
1787097600187500000,2026-08-18T19:00:00.187500,0.009090
1787097600218750000,2026-08-18T19:00:00.218750,0.009090
1787097600250000000,2026-08-18T19:00:00.250000,0.045450
1787097600281250000,2026-08-18T19:00:00.281250,-0.045450
1787097600312500000,2026-08-18T19:00:00.312500,-0.045450
1787097600343750000,2026-08-18T19:00:00.343750,-0.427232
1787097600375000000,2026-08-18T19:00:00.375000,-0.427232
1787097600406250000,2026-08-18T19:00:00.406250,-0.481773
1787097600437500000,2026-08-18T19:00:00.437500,-0.390872
1787097600468750000,2026-08-18T19:00:00.468750,-0.299972
1787097600500000000,2026-08-18T19:00:00.500000,0.009090
1787097600531250000,2026-08-18T19:00:00.531250,0.045450
1787097600562500000,2026-08-18T19:00:00.562500,0.118171
1787097600593750000,2026-08-18T19:00:00.593750,0.245431
1787097600625000000,2026-08-18T19:00:00.625000,0.354512
1787097600656250000,2026-08-18T19:00:00.656250,0.263611
1787097600687500000,2026-08-18T19:00:00.687500,-0.099991
1787097600718750000,2026-08-18T19:00:00.718750,0.209071
1787097600750000000,2026-08-18T19:00:00.750000,0.027270
1787097600781250000,2026-08-18T19:00:00.781250,-0.099991
1787097600812500000,2026-08-18T19:00:00.812500,-0.027270
1787097600843750000,2026-08-18T19:00:00.843750,0.318152
1787097600875000000,2026-08-18T19:00:00.875000,0.063630
1787097600906250000,2026-08-18T19:00:00.906250,0.336332
1787097600937500000,2026-08-18T19:00:00.937500,0.281791
1787097600968750000,2026-08-18T19:00:00.968750,0.136351
1787097601000000000,2026-08-18T19:00:01,0.118171
1787097601031250000,2026-08-18T19:00:01.031250,0.172711
1787097601062500000,2026-08-18T19:00:01.062500,-0.209071
1787097601093750000,2026-08-18T19:00:01.093750,-0.481773
1787097601125000000,2026-08-18T19:00:01.125000,-0.227251
1787097601156250000,2026-08-18T19:00:01.156250,-0.245431
1787097601187500000,2026-08-18T19:00:01.187500,-0.318152
1787097601218750000,2026-08-18T19:00:01.218750,-0.172711
1787097601250000000,2026-08-18T19:00:01.250000,0.136351
1787097601281250000,2026-08-18T19:00:01.281250,-0.081810
1787097601312500000,2026-08-18T19:00:01.312500,-0.045450
1787097601343750000,2026-08-18T19:00:01.343750,-0.081810
1787097601375000000,2026-08-18T19:00:01.375000,0.136351
1787097601406250000,2026-08-18T19:00:01.406250,0.063630
1787097601437500000,2026-08-18T19:00:01.437500,0.318152
1787097601468750000,2026-08-18T19:00:01.468750,0.372692
1787097601500000000,2026-08-18T19:00:01.500000,0.390872
1787097601531250000,2026-08-18T19:00:01.531250,0.245431
1787097601562500000,2026-08-18T19:00:01.562500,0.263611
1787097601593750000,2026-08-18T19:00:01.593750,0.427232
1787097601625000000,2026-08-18T19:00:01.625000,0.372692
1787097601656250000,2026-08-18T19:00:01.656250,0.536313
1787097601687500000,2026-08-18T19:00:01.687500,0.572673
1787097601718750000,2026-08-18T19:00:01.718750,0.499953
1787097601750000000,2026-08-18T19:00:01.750000,-0.027270
1787097601781250000,2026-08-18T19:00:01.781250,-0.336332
1787097601812500000,2026-08-18T19:00:01.812500,-0.554493
1787097601843750000,2026-08-18T19:00:01.843750,-0.572673
1787097601875000000,2026-08-18T19:00:01.875000,-0.299972
1787097601906250000,2026-08-18T19:00:01.906250,-0.390872
1787097601937500000,2026-08-18T19:00:01.937500,0.045450
1787097601968750000,2026-08-18T19:00:01.968750,0.190891
1787097602000000000,2026-08-18T19:00:02,0.245431
1787097602031250000,2026-08-18T19:00:02.031250,0.154531
1787097602062500000,2026-08-18T19:00:02.062500,0.409052
1787097602093750000,2026-08-18T19:00:02.093750,0.299972
1787097602125000000,2026-08-18T19:00:02.125000,0.263611
1787097602156250000,2026-08-18T19:00:02.156250,0.081810
1787097602187500000,2026-08-18T19:00:02.187500,-0.027270
1787097602218750000,2026-08-18T19:00:02.218750,0.009090
1787097602250000000,2026-08-18T19:00:02.250000,-0.027270
1787097602281250000,2026-08-18T19:00:02.281250,0.299972
1787097602312500000,2026-08-18T19:00:02.312500,0.427232
1787097602343750000,2026-08-18T19:00:02.343750,0.390872
1787097602375000000,2026-08-18T19:00:02.375000,0.481773
1787097602406250000,2026-08-18T19:00:02.406250,0.481773
1787097602437500000,2026-08-18T19:00:02.437500,0.190891
1787097602468750000,2026-08-18T19:00:02.468750,0.190891
1787097602500000000,2026-08-18T19:00:02.500000,0.172711
1787097602531250000,2026-08-18T19:00:02.531250,0.118171
1787097602562500000,2026-08-18T19:00:02.562500,0.299972
1787097602593750000,2026-08-18T19:00:02.593750,0.481773
1787097602625000000,2026-08-18T19:00:02.625000,0.445412
1787097602656250000,2026-08-18T19:00:02.656250,0.609033
1787097602687500000,2026-08-18T19:00:02.687500,0.609033
1787097602718750000,2026-08-18T19:00:02.718750,0.281791
1787097602750000000,2026-08-18T19:00:02.750000,0.590853
1787097602781250000,2026-08-18T19:00:02.781250,0.518133
1787097602812500000,2026-08-18T19:00:02.812500,0.354512
1787097602843750000,2026-08-18T19:00:02.843750,0.318152
1787097602875000000,2026-08-18T19:00:02.875000,0.263611
1787097602906250000,2026-08-18T19:00:02.906250,-0.118171
1787097602937500000,2026-08-18T19:00:02.937500,-0.009090
1787097602968750000,2026-08-18T19:00:02.968750,-0.009090
1787097603000000000,2026-08-18T19:00:03,0.027270
1787097603031250000,2026-08-18T19:00:03.031250,0.263611
1787097603062500000,2026-08-18T19:00:03.062500,-0.009090
1787097603093750000,2026-08-18T19:00:03.093750,-0.154531
1787097603125000000,2026-08-18T19:00:03.125000,-0.045450
1787097603156250000,2026-08-18T19:00:03.156250,-0.136351
1787097603187500000,2026-08-18T19:00:03.187500,-0.154531
1787097603218750000,2026-08-18T19:00:03.218750,-0.299972
1787097603250000000,2026-08-18T19:00:03.250000,-0.099991
1787097603281250000,2026-08-18T19:00:03.281250,-0.136351
1787097603312500000,2026-08-18T19:00:03.312500,-0.118171
1787097603343750000,2026-08-18T19:00:03.343750,-0.427232
1787097603375000000,2026-08-18T19:00:03.375000,0.172711
1787097603406250000,2026-08-18T19:00:03.406250,0.136351
1787097603437500000,2026-08-18T19:00:03.437500,-0.009090
1787097603468750000,2026-08-18T19:00:03.468750,-0.099991
1787097603500000000,2026-08-18T19:00:03.500000,0.063630
1787097603531250000,2026-08-18T19:00:03.531250,-0.209071
1787097603562500000,2026-08-18T19:00:03.562500,-0.336332
1787097603593750000,2026-08-18T19:00:03.593750,-0.209071
1787097603625000000,2026-08-18T19:00:03.625000,-0.427232
1787097603656250000,2026-08-18T19:00:03.656250,-0.281791
1787097603687500000,2026-08-18T19:00:03.687500,-0.372692
1787097603718750000,2026-08-18T19:00:03.718750,-0.409052
1787097603750000000,2026-08-18T19:00:03.750000,-0.627213
1787097603781250000,2026-08-18T19:00:03.781250,-0.227251
1787097603812500000,2026-08-18T19:00:03.812500,-0.063630
1787097603843750000,2026-08-18T19:00:03.843750,0.099991
1787097603875000000,2026-08-18T19:00:03.875000,0.245431
1787097603906250000,2026-08-18T19:00:03.906250,0.336332
1787097603937500000,2026-08-18T19:00:03.937500,0.190891
1787097603968750000,2026-08-18T19:00:03.968750,-0.154531
1787097604000000000,2026-08-18T19:00:04,-0.190891
1787097604031250000,2026-08-18T19:00:04.031250,-0.209071
1787097604062500000,2026-08-18T19:00:04.062500,-0.099991
1787097604093750000,2026-08-18T19:00:04.093750,0.136351
1787097604125000000,2026-08-18T19:00:04.125000,0.190891
1787097604156250000,2026-08-18T19:00:04.156250,0.263611
1787097604187500000,2026-08-18T19:00:04.187500,0.299972
1787097604218750000,2026-08-18T19:00:04.218750,0.081810
1787097604250000000,2026-08-18T19:00:04.250000,-0.009090
1787097604281250000,2026-08-18T19:00:04.281250,0.081810
1787097604312500000,2026-08-18T19:00:04.312500,-0.009090
1787097604343750000,2026-08-18T19:00:04.343750,0.009090
1787097604375000000,2026-08-18T19:00:04.375000,0.409052
1787097604406250000,2026-08-18T19:00:04.406250,0.390872
1787097604437500000,2026-08-18T19:00:04.437500,0.136351
1787097604468750000,2026-08-18T19:00:04.468750,0.136351
1787097604500000000,2026-08-18T19:00:04.500000,-0.081810
1787097604531250000,2026-08-18T19:00:04.531250,-0.172711
1787097604562500000,2026-08-18T19:00:04.562500,-0.299972
1787097604593750000,2026-08-18T19:00:04.593750,-0.045450
1787097604625000000,2026-08-18T19:00:04.625000,-0.318152
1787097604656250000,2026-08-18T19:00:04.656250,-0.245431
1787097604687500000,2026-08-18T19:00:04.687500,-0.081810
1787097604718750000,2026-08-18T19:00:04.718750,-0.009090
1787097604750000000,2026-08-18T19:00:04.750000,0.063630
1787097604781250000,2026-08-18T19:00:04.781250,-0.027270
1787097604812500000,2026-08-18T19:00:04.812500,-0.009090
1787097604843750000,2026-08-18T19:00:04.843750,-0.190891
1787097604875000000,2026-08-18T19:00:04.875000,-0.081810
1787097604906250000,2026-08-18T19:00:04.906250,-0.154531
1787097604937500000,2026-08-18T19:00:04.937500,0.099991
1787097604968750000,2026-08-18T19:00:04.968750,0.136351
1787097605000000000,2026-08-18T19:00:05,-0.009090
1787097605031250000,2026-08-18T19:00:05.031250,-0.390872
1787097605062500000,2026-08-18T19:00:05.062500,-0.209071
1787097605093750000,2026-08-18T19:00:05.093750,-0.027270
1787097605125000000,2026-08-18T19:00:05.125000,-0.172711
1787097605156250000,2026-08-18T19:00:05.156250,-0.154531
1787097605187500000,2026-08-18T19:00:05.187500,0.136351
1787097605218750000,2026-08-18T19:00:05.218750,-0.063630
1787097605250000000,2026-08-18T19:00:05.250000,-0.190891
1787097605281250000,2026-08-18T19:00:05.281250,0.118171
1787097605312500000,2026-08-18T19:00:05.312500,0.245431
1787097605343750000,2026-08-18T19:00:05.343750,0.336332
1787097605375000000,2026-08-18T19:00:05.375000,0.554493
1787097605406250000,2026-08-18T19:00:05.406250,0.627213
1787097605437500000,2026-08-18T19:00:05.437500,0.209071
1787097605468750000,2026-08-18T19:00:05.468750,0.245431
1787097605500000000,2026-08-18T19:00:05.500000,0.245431
1787097605531250000,2026-08-18T19:00:05.531250,0.009090
1787097605562500000,2026-08-18T19:00:05.562500,-0.027270
1787097605593750000,2026-08-18T19:00:05.593750,0.336332
1787097605625000000,2026-08-18T19:00:05.625000,0.227251
1787097605656250000,2026-08-18T19:00:05.656250,0.190891
1787097605687500000,2026-08-18T19:00:05.687500,0.263611
1787097605718750000,2026-08-18T19:00:05.718750,0.372692
1787097605750000000,2026-08-18T19:00:05.750000,0.245431
1787097605781250000,2026-08-18T19:00:05.781250,0.318152
1787097605812500000,2026-08-18T19:00:05.812500,0.354512
1787097605843750000,2026-08-18T19:00:05.843750,-0.027270
1787097605875000000,2026-08-18T19:00:05.875000,-0.190891
1787097605906250000,2026-08-18T19:00:05.906250,-0.009090
1787097605937500000,2026-08-18T19:00:05.937500,-0.445412
1787097605968750000,2026-08-18T19:00:05.968750,-0.463592
1787097606000000000,2026-08-18T19:00:06,-0.227251
1787097606031250000,2026-08-18T19:00:06.031250,-0.172711
1787097606062500000,2026-08-18T19:00:06.062500,-0.409052
1787097606093750000,2026-08-18T19:00:06.093750,0.227251
1787097606125000000,2026-08-18T19:00:06.125000,0.099991
1787097606156250000,2026-08-18T19:00:06.156250,0.209071
1787097606187500000,2026-08-18T19:00:06.187500,-0.009090
1787140800093750000,2026-08-19T07:00:00.093750,-0.299972
1787140800125000000,2026-08-19T07:00:00.125000,-0.481773
1787140800156250000,2026-08-19T07:00:00.156250,-0.263611
1787140800187500000,2026-08-19T07:00:00.187500,-0.427232
1787140800218750000,2026-08-19T07:00:00.218750,-0.445412
1787140800250000000,2026-08-19T07:00:00.250000,-0.663574
1787140800281250000,2026-08-19T07:00:00.281250,-0.281791
1787140800312500000,2026-08-19T07:00:00.312500,-0.409052
1787140800343750000,2026-08-19T07:00:00.343750,-0.336332
1787140800375000000,2026-08-19T07:00:00.375000,-0.409052
1787140800406250000,2026-08-19T07:00:00.406250,0.063630
1787140800437500000,2026-08-19T07:00:00.437500,-0.263611
1787140800468750000,2026-08-19T07:00:00.468750,-0.518133
1787140800500000000,2026-08-19T07:00:00.500000,-0.390872
1787140800531250000,2026-08-19T07:00:00.531250,-0.136351
1787140800562500000,2026-08-19T07:00:00.562500,-0.263611
1787140800593750000,2026-08-19T07:00:00.593750,-0.245431
1787140800625000000,2026-08-19T07:00:00.625000,-0.027270
1787140800656250000,2026-08-19T07:00:00.656250,-0.081810
1787140800687500000,2026-08-19T07:00:00.687500,-0.099991
1787140800718750000,2026-08-19T07:00:00.718750,-0.009090
1787140800750000000,2026-08-19T07:00:00.750000,0.227251
1787140800781250000,2026-08-19T07:00:00.781250,0.209071
1787140800812500000,2026-08-19T07:00:00.812500,0.427232
1787140800843750000,2026-08-19T07:00:00.843750,0.809014
1787140800875000000,2026-08-19T07:00:00.875000,0.863555
1787140800906250000,2026-08-19T07:00:00.906250,0.790834
1787140800937500000,2026-08-19T07:00:00.937500,0.772654
1787140800968750000,2026-08-19T07:00:00.968750,0.518133
1787140801000000000,2026-08-19T07:00:01,0.299972
1787140801031250000,2026-08-19T07:00:01.031250,0.172711
1787140801062500000,2026-08-19T07:00:01.062500,0.263611
1787140801093750000,2026-08-19T07:00:01.093750,0.172711
1787140801125000000,2026-08-19T07:00:01.125000,0.009090
1787140801156250000,2026-08-19T07:00:01.156250,-0.027270
1787140801187500000,2026-08-19T07:00:01.187500,-0.099991
1787140801218750000,2026-08-19T07:00:01.218750,-0.136351
1787140801250000000,2026-08-19T07:00:01.250000,-0.154531
1787140801281250000,2026-08-19T07:00:01.281250,-0.009090
1787140801312500000,2026-08-19T07:00:01.312500,-0.227251
1787140801343750000,2026-08-19T07:00:01.343750,-0.154531
1787140801375000000,2026-08-19T07:00:01.375000,-0.063630
1787140801406250000,2026-08-19T07:00:01.406250,0.027270
1787140801437500000,2026-08-19T07:00:01.437500,0.118171
1787140801468750000,2026-08-19T07:00:01.468750,0.081810
1787140801500000000,2026-08-19T07:00:01.500000,0.463592
1787140801531250000,2026-08-19T07:00:01.531250,0.318152
1787140801562500000,2026-08-19T07:00:01.562500,0.372692
1787140801593750000,2026-08-19T07:00:01.593750,0.681754
1787140801625000000,2026-08-19T07:00:01.625000,0.663574
1787140801656250000,2026-08-19T07:00:01.656250,0.045450
1787140801687500000,2026-08-19T07:00:01.687500,-0.263611
1787140801718750000,2026-08-19T07:00:01.718750,-0.190891
1787140801750000000,2026-08-19T07:00:01.750000,-0.427232
1787140801781250000,2026-08-19T07:00:01.781250,-0.118171
1787140801812500000,2026-08-19T07:00:01.812500,0.172711
1787140801843750000,2026-08-19T07:00:01.843750,0.481773
1787140801875000000,2026-08-19T07:00:01.875000,0.390872
1787140801906250000,2026-08-19T07:00:01.906250,0.245431
1787140801937500000,2026-08-19T07:00:01.937500,0.118171
1787140801968750000,2026-08-19T07:00:01.968750,-0.027270
1787140802000000000,2026-08-19T07:00:02,-0.190891
1787140802031250000,2026-08-19T07:00:02.031250,-0.063630
1787140802062500000,2026-08-19T07:00:02.062500,0.045450
1787140802093750000,2026-08-19T07:00:02.093750,-0.063630
1787140802125000000,2026-08-19T07:00:02.125000,-0.372692
1787140802156250000,2026-08-19T07:00:02.156250,-0.463592
1787140802187500000,2026-08-19T07:00:02.187500,-0.190891
1787140802218750000,2026-08-19T07:00:02.218750,-0.336332
1787140802250000000,2026-08-19T07:00:02.250000,-0.409052
1787140802281250000,2026-08-19T07:00:02.281250,-0.063630
1787140802312500000,2026-08-19T07:00:02.312500,0.299972
1787140802343750000,2026-08-19T07:00:02.343750,0.081810
1787140802375000000,2026-08-19T07:00:02.375000,0.081810
1787140802406250000,2026-08-19T07:00:02.406250,0.518133
1787140802437500000,2026-08-19T07:00:02.437500,0.572673
1787140802468750000,2026-08-19T07:00:02.468750,0.499953
1787140802500000000,2026-08-19T07:00:02.500000,0.154531
1787140802531250000,2026-08-19T07:00:02.531250,0.336332
1787140802562500000,2026-08-19T07:00:02.562500,0.190891
1787140802593750000,2026-08-19T07:00:02.593750,0.190891
1787140802625000000,2026-08-19T07:00:02.625000,0.263611
1787140802656250000,2026-08-19T07:00:02.656250,0.518133
1787140802687500000,2026-08-19T07:00:02.687500,0.481773
1787140802718750000,2026-08-19T07:00:02.718750,0.409052
1787140802750000000,2026-08-19T07:00:02.750000,0.190891
1787140802781250000,2026-08-19T07:00:02.781250,0.063630
1787140802812500000,2026-08-19T07:00:02.812500,-0.063630
1787140802843750000,2026-08-19T07:00:02.843750,0.081810
1787140802875000000,2026-08-19T07:00:02.875000,0.099991
1787140802906250000,2026-08-19T07:00:02.906250,0.118171
1787140802937500000,2026-08-19T07:00:02.937500,0.281791
1787140802968750000,2026-08-19T07:00:02.968750,0.154531
1787140803000000000,2026-08-19T07:00:03,-0.245431
1787140803031250000,2026-08-19T07:00:03.031250,-0.099991
1787140803062500000,2026-08-19T07:00:03.062500,0.099991
1787140803093750000,2026-08-19T07:00:03.093750,-0.009090
1787140803125000000,2026-08-19T07:00:03.125000,0.027270
1787140803156250000,2026-08-19T07:00:03.156250,0.172711
1787140803187500000,2026-08-19T07:00:03.187500,-0.263611
1787140803218750000,2026-08-19T07:00:03.218750,-0.299972
1787140803250000000,2026-08-19T07:00:03.250000,-0.390872
1787140803281250000,2026-08-19T07:00:03.281250,-0.445412
1787140803312500000,2026-08-19T07:00:03.312500,-0.354512
1787140803343750000,2026-08-19T07:00:03.343750,-0.190891
1787140803375000000,2026-08-19T07:00:03.375000,-0.172711
1787140803406250000,2026-08-19T07:00:03.406250,-0.463592
1787140803437500000,2026-08-19T07:00:03.437500,-0.354512
1787140803468750000,2026-08-19T07:00:03.468750,-0.681754
1787140803500000000,2026-08-19T07:00:03.500000,-0.681754
1787140803531250000,2026-08-19T07:00:03.531250,-0.863555
1787140803562500000,2026-08-19T07:00:03.562500,-0.299972
1787140803593750000,2026-08-19T07:00:03.593750,-0.209071
1787140803625000000,2026-08-19T07:00:03.625000,-0.118171
1787140803656250000,2026-08-19T07:00:03.656250,0.227251
1787140803687500000,2026-08-19T07:00:03.687500,0.299972
1787140803718750000,2026-08-19T07:00:03.718750,0.081810
1787140803750000000,2026-08-19T07:00:03.750000,-0.009090
1787140803781250000,2026-08-19T07:00:03.781250,0.336332
1787140803812500000,2026-08-19T07:00:03.812500,0.172711
1787140803843750000,2026-08-19T07:00:03.843750,0.172711
1787140803875000000,2026-08-19T07:00:03.875000,0.245431
1787140803906250000,2026-08-19T07:00:03.906250,0.190891
1787140803937500000,2026-08-19T07:00:03.937500,0.209071
1787140803968750000,2026-08-19T07:00:03.968750,0.172711
1787140804000000000,2026-08-19T07:00:04,0.372692
1787140804031250000,2026-08-19T07:00:04.031250,0.263611
1787140804062500000,2026-08-19T07:00:04.062500,0.409052
1787140804093750000,2026-08-19T07:00:04.093750,0.081810
1787140804125000000,2026-08-19T07:00:04.125000,-0.009090
1787140804156250000,2026-08-19T07:00:04.156250,-0.099991
1787140804187500000,2026-08-19T07:00:04.187500,-0.099991
1787140804218750000,2026-08-19T07:00:04.218750,-0.209071
1787140804250000000,2026-08-19T07:00:04.250000,-0.209071
1787140804281250000,2026-08-19T07:00:04.281250,-0.281791
1787140804312500000,2026-08-19T07:00:04.312500,-0.227251
1787140804343750000,2026-08-19T07:00:04.343750,-0.190891
1787140804375000000,2026-08-19T07:00:04.375000,0.045450
1787140804406250000,2026-08-19T07:00:04.406250,0.227251
1787140804437500000,2026-08-19T07:00:04.437500,0.499953
1787140804468750000,2026-08-19T07:00:04.468750,0.281791
1787140804500000000,2026-08-19T07:00:04.500000,0.463592
1787140804531250000,2026-08-19T07:00:04.531250,0.427232
1787140804562500000,2026-08-19T07:00:04.562500,0.554493
1787140804593750000,2026-08-19T07:00:04.593750,0.518133
1787140804625000000,2026-08-19T07:00:04.625000,0.572673
1787140804656250000,2026-08-19T07:00:04.656250,0.245431
1787140804687500000,2026-08-19T07:00:04.687500,0.027270
1787140804718750000,2026-08-19T07:00:04.718750,-0.172711
1787140804750000000,2026-08-19T07:00:04.750000,-0.099991
1787140804781250000,2026-08-19T07:00:04.781250,-0.209071
1787140804812500000,2026-08-19T07:00:04.812500,-0.063630
1787140804843750000,2026-08-19T07:00:04.843750,0.390872
1787140804875000000,2026-08-19T07:00:04.875000,0.263611
1787140804906250000,2026-08-19T07:00:04.906250,-0.009090
1787140804937500000,2026-08-19T07:00:04.937500,0.081810
1787140804968750000,2026-08-19T07:00:04.968750,-0.045450
1787140805000000000,2026-08-19T07:00:05,-0.609033
1787140805031250000,2026-08-19T07:00:05.031250,-0.336332
1787140805062500000,2026-08-19T07:00:05.062500,-0.390872
1787140805093750000,2026-08-19T07:00:05.093750,-0.409052
1787140805125000000,2026-08-19T07:00:05.125000,-0.409052
1787140805156250000,2026-08-19T07:00:05.156250,-0.099991
1787140805187500000,2026-08-19T07:00:05.187500,-0.081810
1787140805218750000,2026-08-19T07:00:05.218750,-0.081810
1787140805250000000,2026-08-19T07:00:05.250000,-0.099991
1787140805281250000,2026-08-19T07:00:05.281250,0.190891
1787140805312500000,2026-08-19T07:00:05.312500,0.172711
1787140805343750000,2026-08-19T07:00:05.343750,-0.245431
1787140805375000000,2026-08-19T07:00:05.375000,-0.299972
1787140805406250000,2026-08-19T07:00:05.406250,-0.245431
1787140805437500000,2026-08-19T07:00:05.437500,-0.554493
1787140805468750000,2026-08-19T07:00:05.468750,-0.699934
1787140805500000000,2026-08-19T07:00:05.500000,-0.281791
1787140805531250000,2026-08-19T07:00:05.531250,0.009090
1787140805562500000,2026-08-19T07:00:05.562500,-0.081810
1787140805593750000,2026-08-19T07:00:05.593750,-0.099991
1787140805625000000,2026-08-19T07:00:05.625000,-0.299972
1787140805656250000,2026-08-19T07:00:05.656250,-0.481773
1787140805687500000,2026-08-19T07:00:05.687500,-0.699934
1787140805718750000,2026-08-19T07:00:05.718750,-0.609033
1787140805750000000,2026-08-19T07:00:05.750000,-0.209071
1787140805781250000,2026-08-19T07:00:05.781250,-0.063630
1787140805812500000,2026-08-19T07:00:05.812500,-0.245431
1787140805843750000,2026-08-19T07:00:05.843750,-0.190891
1787140805875000000,2026-08-19T07:00:05.875000,-0.136351
1787140805906250000,2026-08-19T07:00:05.906250,-0.518133
1787140805937500000,2026-08-19T07:00:05.937500,-0.663574
1787140805968750000,2026-08-19T07:00:05.968750,-0.590853
1787140806000000000,2026-08-19T07:00:06,-0.645393
1787140806031250000,2026-08-19T07:00:06.031250,-0.663574
1787140806062500000,2026-08-19T07:00:06.062500,-0.481773
1787140806093750000,2026-08-19T07:00:06.093750,-0.263611
1787140806125000000,2026-08-19T07:00:06.125000,-0.318152
1787140806156250000,2026-08-19T07:00:06.156250,-0.463592
1787140806187500000,2026-08-19T07:00:06.187500,-0.554493
1787184000093750000,2026-08-19T19:00:00.093750,-0.272701
1787184000125000000,2026-08-19T19:00:00.125000,0.018180
1787184000156250000,2026-08-19T19:00:00.156250,-0.054540
1787184000187500000,2026-08-19T19:00:00.187500,0.327242
1787184000218750000,2026-08-19T19:00:00.218750,0.254521
1787184000250000000,2026-08-19T19:00:00.250000,0.181801
1787184000281250000,2026-08-19T19:00:00.281250,0.072720
1787184000312500000,2026-08-19T19:00:00.312500,0.054540
1787184000343750000,2026-08-19T19:00:00.343750,-0.090900
1787184000375000000,2026-08-19T19:00:00.375000,0.090900
1787184000406250000,2026-08-19T19:00:00.406250,0.327242
1787184000437500000,2026-08-19T19:00:00.437500,0.345422
1787184000468750000,2026-08-19T19:00:00.468750,0.618123
1787184000500000000,2026-08-19T19:00:00.500000,0.690844
1787184000531250000,2026-08-19T19:00:00.531250,0.563583
1787184000562500000,2026-08-19T19:00:00.562500,0.399962
1787184000593750000,2026-08-19T19:00:00.593750,0.672664
1787184000625000000,2026-08-19T19:00:00.625000,0.690844
1787184000656250000,2026-08-19T19:00:00.656250,0.581763
1787184000687500000,2026-08-19T19:00:00.687500,0.636303
1787184000718750000,2026-08-19T19:00:00.718750,0.745384
1787184000750000000,2026-08-19T19:00:00.750000,0.309062
1787184000781250000,2026-08-19T19:00:00.781250,0.272701
1787184000812500000,2026-08-19T19:00:00.812500,0.236341
1787184000843750000,2026-08-19T19:00:00.843750,0.254521
1787184000875000000,2026-08-19T19:00:00.875000,-0.054540
1787184000906250000,2026-08-19T19:00:00.906250,0.145441
1787184000937500000,2026-08-19T19:00:00.937500,-0.127261
1787184000968750000,2026-08-19T19:00:00.968750,-0.018180
1787184001000000000,2026-08-19T19:00:01,0.199981
1787184001031250000,2026-08-19T19:00:01.031250,0.327242
1787184001062500000,2026-08-19T19:00:01.062500,0.090900
1787184001093750000,2026-08-19T19:00:01.093750,0.163621
1787184001125000000,2026-08-19T19:00:01.125000,0.127261
1787184001156250000,2026-08-19T19:00:01.156250,-0.454502
1787184001187500000,2026-08-19T19:00:01.187500,-0.599943
1787184001218750000,2026-08-19T19:00:01.218750,-0.545403
1787184001250000000,2026-08-19T19:00:01.250000,-0.599943
1787184001281250000,2026-08-19T19:00:01.281250,-0.327242
1787184001312500000,2026-08-19T19:00:01.312500,-0.127261
1787184001343750000,2026-08-19T19:00:01.343750,0.363602
1787184001375000000,2026-08-19T19:00:01.375000,0.618123
1787184001406250000,2026-08-19T19:00:01.406250,0.799924
1787184001437500000,2026-08-19T19:00:01.437500,0.581763
1787184001468750000,2026-08-19T19:00:01.468750,0.745384
1787184001500000000,2026-08-19T19:00:01.500000,0.836284
1787184001531250000,2026-08-19T19:00:01.531250,0.618123
1787184001562500000,2026-08-19T19:00:01.562500,0.563583
1787184001593750000,2026-08-19T19:00:01.593750,0.563583
1787184001625000000,2026-08-19T19:00:01.625000,0.327242
1787184001656250000,2026-08-19T19:00:01.656250,0.000000
1787184001687500000,2026-08-19T19:00:01.687500,-0.090900
1787184001718750000,2026-08-19T19:00:01.718750,-0.072720
1787184001750000000,2026-08-19T19:00:01.750000,0.090900
1787184001781250000,2026-08-19T19:00:01.781250,0.399962
1787184001812500000,2026-08-19T19:00:01.812500,0.199981
1787184001843750000,2026-08-19T19:00:01.843750,0.254521
1787184001875000000,2026-08-19T19:00:01.875000,0.272701
1787184001906250000,2026-08-19T19:00:01.906250,0.472682
1787184001937500000,2026-08-19T19:00:01.937500,0.254521
1787184001968750000,2026-08-19T19:00:01.968750,0.236341
1787184002000000000,2026-08-19T19:00:02,0.236341
1787184002031250000,2026-08-19T19:00:02.031250,0.090900
1787184002062500000,2026-08-19T19:00:02.062500,-0.563583
1787184002093750000,2026-08-19T19:00:02.093750,-0.581763
1787184002125000000,2026-08-19T19:00:02.125000,-0.290882
1787184002156250000,2026-08-19T19:00:02.156250,-0.163621
1787184002187500000,2026-08-19T19:00:02.187500,0.000000
1787184002218750000,2026-08-19T19:00:02.218750,0.254521
1787184002250000000,2026-08-19T19:00:02.250000,0.363602
1787184002281250000,2026-08-19T19:00:02.281250,0.381782
1787184002312500000,2026-08-19T19:00:02.312500,0.454502
1787184002343750000,2026-08-19T19:00:02.343750,0.327242
1787184002375000000,2026-08-19T19:00:02.375000,0.454502
1787184002406250000,2026-08-19T19:00:02.406250,0.363602
1787184002437500000,2026-08-19T19:00:02.437500,0.018180
1787184002468750000,2026-08-19T19:00:02.468750,0.036360
1787184002500000000,2026-08-19T19:00:02.500000,0.000000
1787184002531250000,2026-08-19T19:00:02.531250,-0.109081
1787184002562500000,2026-08-19T19:00:02.562500,0.127261
1787184002593750000,2026-08-19T19:00:02.593750,0.236341
1787184002625000000,2026-08-19T19:00:02.625000,-0.054540
1787184002656250000,2026-08-19T19:00:02.656250,0.109081
1787184002687500000,2026-08-19T19:00:02.687500,0.018180
1787184002718750000,2026-08-19T19:00:02.718750,-0.345422
1787184002750000000,2026-08-19T19:00:02.750000,-0.290882
1787184002781250000,2026-08-19T19:00:02.781250,-0.163621
1787184002812500000,2026-08-19T19:00:02.812500,-0.545403
1787184002843750000,2026-08-19T19:00:02.843750,-0.545403
1787184002875000000,2026-08-19T19:00:02.875000,-0.163621
1787184002906250000,2026-08-19T19:00:02.906250,-0.109081
1787184002937500000,2026-08-19T19:00:02.937500,-0.399962
1787184002968750000,2026-08-19T19:00:02.968750,-0.072720
1787184003000000000,2026-08-19T19:00:03,-0.109081
1787184003031250000,2026-08-19T19:00:03.031250,-0.418142
1787184003062500000,2026-08-19T19:00:03.062500,-0.490863
1787184003093750000,2026-08-19T19:00:03.093750,-0.018180
1787184003125000000,2026-08-19T19:00:03.125000,-0.090900
1787184003156250000,2026-08-19T19:00:03.156250,-0.054540
1787184003187500000,2026-08-19T19:00:03.187500,-0.072720
1787184003218750000,2026-08-19T19:00:03.218750,-0.036360
1787184003250000000,2026-08-19T19:00:03.250000,-0.199981
1787184003281250000,2026-08-19T19:00:03.281250,-0.181801
1787184003312500000,2026-08-19T19:00:03.312500,-0.418142
1787184003343750000,2026-08-19T19:00:03.343750,-0.454502
1787184003375000000,2026-08-19T19:00:03.375000,-0.418142
1787184003406250000,2026-08-19T19:00:03.406250,-0.145441
1787184003437500000,2026-08-19T19:00:03.437500,-0.254521
1787184003468750000,2026-08-19T19:00:03.468750,-0.090900
1787184003500000000,2026-08-19T19:00:03.500000,-0.309062
1787184003531250000,2026-08-19T19:00:03.531250,-0.454502
1787184003562500000,2026-08-19T19:00:03.562500,-0.709024
1787184003593750000,2026-08-19T19:00:03.593750,-0.345422
1787184003625000000,2026-08-19T19:00:03.625000,-0.163621
1787184003656250000,2026-08-19T19:00:03.656250,0.272701
1787184003687500000,2026-08-19T19:00:03.687500,0.254521
1787184003718750000,2026-08-19T19:00:03.718750,0.545403
1787184003750000000,2026-08-19T19:00:03.750000,0.381782
1787184003781250000,2026-08-19T19:00:03.781250,0.363602
1787184003812500000,2026-08-19T19:00:03.812500,0.363602
1787184003843750000,2026-08-19T19:00:03.843750,0.763564
1787184003875000000,2026-08-19T19:00:03.875000,0.581763
1787184003906250000,2026-08-19T19:00:03.906250,0.490863
1787184003937500000,2026-08-19T19:00:03.937500,0.472682
1787184003968750000,2026-08-19T19:00:03.968750,0.327242
1787184004000000000,2026-08-19T19:00:04,0.181801
1787184004031250000,2026-08-19T19:00:04.031250,0.236341
1787184004062500000,2026-08-19T19:00:04.062500,0.181801
1787184004093750000,2026-08-19T19:00:04.093750,0.254521
1787184004125000000,2026-08-19T19:00:04.125000,0.327242
1787184004156250000,2026-08-19T19:00:04.156250,0.272701
1787184004187500000,2026-08-19T19:00:04.187500,0.236341
1787184004218750000,2026-08-19T19:00:04.218750,0.509043
1787184004250000000,2026-08-19T19:00:04.250000,0.599943
1787184004281250000,2026-08-19T19:00:04.281250,0.836284
1787184004312500000,2026-08-19T19:00:04.312500,0.963545
1787184004343750000,2026-08-19T19:00:04.343750,0.709024
1787184004375000000,2026-08-19T19:00:04.375000,0.581763
1787184004406250000,2026-08-19T19:00:04.406250,0.490863
1787184004437500000,2026-08-19T19:00:04.437500,0.509043
1787184004468750000,2026-08-19T19:00:04.468750,0.218161
1787184004500000000,2026-08-19T19:00:04.500000,0.272701
1787184004531250000,2026-08-19T19:00:04.531250,0.036360
1787184004562500000,2026-08-19T19:00:04.562500,-0.072720
1787184004593750000,2026-08-19T19:00:04.593750,-0.272701
1787184004625000000,2026-08-19T19:00:04.625000,-0.218161
1787184004656250000,2026-08-19T19:00:04.656250,0.000000
1787184004687500000,2026-08-19T19:00:04.687500,0.199981
1787184004718750000,2026-08-19T19:00:04.718750,0.199981
1787184004750000000,2026-08-19T19:00:04.750000,0.254521
1787184004781250000,2026-08-19T19:00:04.781250,0.418142
1787184004812500000,2026-08-19T19:00:04.812500,0.309062
1787184004843750000,2026-08-19T19:00:04.843750,0.309062
1787184004875000000,2026-08-19T19:00:04.875000,0.381782
1787184004906250000,2026-08-19T19:00:04.906250,0.345422
1787184004937500000,2026-08-19T19:00:04.937500,0.436322
1787184004968750000,2026-08-19T19:00:04.968750,0.345422
1787184005000000000,2026-08-19T19:00:05,0.618123
1787184005031250000,2026-08-19T19:00:05.031250,0.672664
1787184005062500000,2026-08-19T19:00:05.062500,0.509043
1787184005093750000,2026-08-19T19:00:05.093750,0.563583
1787184005125000000,2026-08-19T19:00:05.125000,0.236341
1787184005156250000,2026-08-19T19:00:05.156250,-0.254521
1787184005187500000,2026-08-19T19:00:05.187500,-0.454502
1787184005218750000,2026-08-19T19:00:05.218750,-0.727204
1787184005250000000,2026-08-19T19:00:05.250000,-0.963545
1787184005281250000,2026-08-19T19:00:05.281250,-0.454502
1787184005312500000,2026-08-19T19:00:05.312500,-0.345422
1787184005343750000,2026-08-19T19:00:05.343750,-0.054540
1787184005375000000,2026-08-19T19:00:05.375000,0.454502
1787184005406250000,2026-08-19T19:00:05.406250,0.418142
1787184005437500000,2026-08-19T19:00:05.437500,0.109081
1787184005468750000,2026-08-19T19:00:05.468750,0.345422
1787184005500000000,2026-08-19T19:00:05.500000,0.254521
1787184005531250000,2026-08-19T19:00:05.531250,0.036360
1787184005562500000,2026-08-19T19:00:05.562500,0.109081
1787184005593750000,2026-08-19T19:00:05.593750,0.127261
1787184005625000000,2026-08-19T19:00:05.625000,0.163621
1787184005656250000,2026-08-19T19:00:05.656250,0.072720
1787184005687500000,2026-08-19T19:00:05.687500,0.109081
1787184005718750000,2026-08-19T19:00:05.718750,-0.090900
1787184005750000000,2026-08-19T19:00:05.750000,0.072720
1787184005781250000,2026-08-19T19:00:05.781250,-0.145441
1787184005812500000,2026-08-19T19:00:05.812500,-0.036360
1787184005843750000,2026-08-19T19:00:05.843750,-0.254521
1787184005875000000,2026-08-19T19:00:05.875000,-0.036360
1787184005906250000,2026-08-19T19:00:05.906250,-0.036360
1787184005937500000,2026-08-19T19:00:05.937500,-0.072720
1787184005968750000,2026-08-19T19:00:05.968750,-0.381782
1787184006000000000,2026-08-19T19:00:06,-0.127261
1787184006031250000,2026-08-19T19:00:06.031250,0.072720
1787184006062500000,2026-08-19T19:00:06.062500,0.218161
1787184006093750000,2026-08-19T19:00:06.093750,0.145441
1787184006125000000,2026-08-19T19:00:06.125000,0.545403
1787184006156250000,2026-08-19T19:00:06.156250,0.618123
1787184006187500000,2026-08-19T19:00:06.187500,0.527223
1787227200093750000,2026-08-20T07:00:00.093750,3.017896
1787227200125000000,2026-08-20T07:00:00.125000,3.417858
1787227200156250000,2026-08-20T07:00:00.156250,3.545119
1787227200187500000,2026-08-20T07:00:00.187500,3.508759
1787227200218750000,2026-08-20T07:00:00.218750,3.526939
1787227200250000000,2026-08-20T07:00:00.250000,4.072342
1787227200281250000,2026-08-20T07:00:00.281250,4.108702
1787227200312500000,2026-08-20T07:00:00.312500,4.654105
1787227200343750000,2026-08-20T07:00:00.343750,4.963166
1787227200375000000,2026-08-20T07:00:00.375000,5.181327
1787227200406250000,2026-08-20T07:00:00.406250,5.108607
1787227200437500000,2026-08-20T07:00:00.437500,5.272228
1787227200468750000,2026-08-20T07:00:00.468750,5.290408
1787227200500000000,2026-08-20T07:00:00.500000,5.199507
1787227200531250000,2026-08-20T07:00:00.531250,5.199507
1787227200562500000,2026-08-20T07:00:00.562500,5.217688
1787227200593750000,2026-08-20T07:00:00.593750,5.108607
1787227200625000000,2026-08-20T07:00:00.625000,5.126787
1787227200656250000,2026-08-20T07:00:00.656250,5.363128
1787227200687500000,2026-08-20T07:00:00.687500,4.999526
1787227200718750000,2026-08-20T07:00:00.718750,5.017706
1787227200750000000,2026-08-20T07:00:00.750000,5.199507
1787227200781250000,2026-08-20T07:00:00.781250,4.835906
1787227200812500000,2026-08-20T07:00:00.812500,5.272228
1787227200843750000,2026-08-20T07:00:00.843750,5.926711
1787227200875000000,2026-08-20T07:00:00.875000,6.090332
1787227200906250000,2026-08-20T07:00:00.906250,6.126692
1787227200937500000,2026-08-20T07:00:00.937500,6.108512
1787227200968750000,2026-08-20T07:00:00.968750,5.835811
1787227201000000000,2026-08-20T07:00:01,5.254048
1787227201031250000,2026-08-20T07:00:01.031250,5.581289
1787227201062500000,2026-08-20T07:00:01.062500,5.508569
1787227201093750000,2026-08-20T07:00:01.093750,5.654010
1787227201125000000,2026-08-20T07:00:01.125000,5.581289
1787227201156250000,2026-08-20T07:00:01.156250,5.744910
1787227201187500000,2026-08-20T07:00:01.187500,5.381308
1787227201218750000,2026-08-20T07:00:01.218750,5.454029
1787227201250000000,2026-08-20T07:00:01.250000,5.381308
1787227201281250000,2026-08-20T07:00:01.281250,5.290408
1787227201312500000,2026-08-20T07:00:01.312500,5.635830
1787227201343750000,2026-08-20T07:00:01.343750,5.526749
1787227201375000000,2026-08-20T07:00:01.375000,5.454029
1787227201406250000,2026-08-20T07:00:01.406250,5.472209
1787227201437500000,2026-08-20T07:00:01.437500,5.454029
1787227201468750000,2026-08-20T07:00:01.468750,5.163147
1787227201500000000,2026-08-20T07:00:01.500000,5.381308
1787227201531250000,2026-08-20T07:00:01.531250,5.508569
1787227201562500000,2026-08-20T07:00:01.562500,5.563109
1787227201593750000,2026-08-20T07:00:01.593750,5.708550
1787227201625000000,2026-08-20T07:00:01.625000,5.654010
1787227201656250000,2026-08-20T07:00:01.656250,5.872171
1787227201687500000,2026-08-20T07:00:01.687500,5.926711
1787227201718750000,2026-08-20T07:00:01.718750,5.999432
1787227201750000000,2026-08-20T07:00:01.750000,5.581289
1787227201781250000,2026-08-20T07:00:01.781250,5.544929
1787227201812500000,2026-08-20T07:00:01.812500,5.363128
1787227201843750000,2026-08-20T07:00:01.843750,5.054067
1787227201875000000,2026-08-20T07:00:01.875000,4.763185
1787227201906250000,2026-08-20T07:00:01.906250,4.981346
1787227201937500000,2026-08-20T07:00:01.937500,4.944986
1787227201968750000,2026-08-20T07:00:01.968750,4.890446
1787227202000000000,2026-08-20T07:00:02,4.726825
1787227202031250000,2026-08-20T07:00:02.031250,4.908626
1787227202062500000,2026-08-20T07:00:02.062500,4.981346
1787227202093750000,2026-08-20T07:00:02.093750,4.944986
1787227202125000000,2026-08-20T07:00:02.125000,4.472304
1787227202156250000,2026-08-20T07:00:02.156250,4.472304
1787227202187500000,2026-08-20T07:00:02.187500,4.563204
1787227202218750000,2026-08-20T07:00:02.218750,4.235962
1787227202250000000,2026-08-20T07:00:02.250000,4.290503
1787227202281250000,2026-08-20T07:00:02.281250,4.254142
1787227202312500000,2026-08-20T07:00:02.312500,4.090522
1787227202343750000,2026-08-20T07:00:02.343750,3.672379
1787227202375000000,2026-08-20T07:00:02.375000,3.726920
1787227202406250000,2026-08-20T07:00:02.406250,3.399678
1787227202437500000,2026-08-20T07:00:02.437500,3.308777
1787227202468750000,2026-08-20T07:00:02.468750,3.545119
1787227202500000000,2026-08-20T07:00:02.500000,3.126977
1787227202531250000,2026-08-20T07:00:02.531250,2.872455
1787227202562500000,2026-08-20T07:00:02.562500,2.890635
1787227202593750000,2026-08-20T07:00:02.593750,2.672474
1787227202625000000,2026-08-20T07:00:02.625000,2.127071
1787227202656250000,2026-08-20T07:00:02.656250,2.181612
1787227202687500000,2026-08-20T07:00:02.687500,1.799830
1787227202718750000,2026-08-20T07:00:02.718750,1.254427
1787227202750000000,2026-08-20T07:00:02.750000,1.181706
1787227202781250000,2026-08-20T07:00:02.781250,1.090806
1787227202812500000,2026-08-20T07:00:02.812500,1.327147
1787227202843750000,2026-08-20T07:00:02.843750,1.218066
1787227202875000000,2026-08-20T07:00:02.875000,1.199886
1787227202906250000,2026-08-20T07:00:02.906250,0.599943
1787227202937500000,2026-08-20T07:00:02.937500,-0.018180
1787227202968750000,2026-08-20T07:00:02.968750,-0.690844
1787227203000000000,2026-08-20T07:00:03,-1.018085
1787227203031250000,2026-08-20T07:00:03.031250,-1.618029
1787227203062500000,2026-08-20T07:00:03.062500,-1.727109
1787227203093750000,2026-08-20T07:00:03.093750,-1.563488
1787227203125000000,2026-08-20T07:00:03.125000,-1.963450
1787227203156250000,2026-08-20T07:00:03.156250,-2.254332
1787227203187500000,2026-08-20T07:00:03.187500,-2.399773
1787227203218750000,2026-08-20T07:00:03.218750,-2.817915
1787227203250000000,2026-08-20T07:00:03.250000,-3.326958
1787227203281250000,2026-08-20T07:00:03.281250,-3.563299
1787227203312500000,2026-08-20T07:00:03.312500,-3.799640
1787227203343750000,2026-08-20T07:00:03.343750,-3.908721
1787227203375000000,2026-08-20T07:00:03.375000,-4.217782
1787227203406250000,2026-08-20T07:00:03.406250,-4.272323
1787227203437500000,2026-08-20T07:00:03.437500,-4.272323
1787227203468750000,2026-08-20T07:00:03.468750,-4.254142
1787227203500000000,2026-08-20T07:00:03.500000,-4.599564
1787227203531250000,2026-08-20T07:00:03.531250,-4.581384
1787227203562500000,2026-08-20T07:00:03.562500,-4.872266
1787227203593750000,2026-08-20T07:00:03.593750,-4.799545
1787227203625000000,2026-08-20T07:00:03.625000,-4.926806
1787227203656250000,2026-08-20T07:00:03.656250,-4.944986
1787227203687500000,2026-08-20T07:00:03.687500,-4.944986
1787227203718750000,2026-08-20T07:00:03.718750,-4.963166
1787227203750000000,2026-08-20T07:00:03.750000,-5.363128
1787227203781250000,2026-08-20T07:00:03.781250,-5.344948
1787227203812500000,2026-08-20T07:00:03.812500,-5.399489
1787227203843750000,2026-08-20T07:00:03.843750,-5.472209
1787227203875000000,2026-08-20T07:00:03.875000,-5.744910
1787227203906250000,2026-08-20T07:00:03.906250,-5.999432
1787227203937500000,2026-08-20T07:00:03.937500,-6.326673
1787227203968750000,2026-08-20T07:00:03.968750,-6.290313
1787227204000000000,2026-08-20T07:00:04,-6.108512
1787227204031250000,2026-08-20T07:00:04.031250,-5.963071
1787227204062500000,2026-08-20T07:00:04.062500,-5.654010
1787227204093750000,2026-08-20T07:00:04.093750,-5.508569
1787227204125000000,2026-08-20T07:00:04.125000,-5.526749
1787227204156250000,2026-08-20T07:00:04.156250,-5.217688
1787227204187500000,2026-08-20T07:00:04.187500,-4.908626
1787227204218750000,2026-08-20T07:00:04.218750,-4.763185
1787227204250000000,2026-08-20T07:00:04.250000,-4.454124
1787227204281250000,2026-08-20T07:00:04.281250,-3.854180
1787227204312500000,2026-08-20T07:00:04.312500,-3.490578
1787227204343750000,2026-08-20T07:00:04.343750,-3.163337
1787227204375000000,2026-08-20T07:00:04.375000,-2.872455
1787227204406250000,2026-08-20T07:00:04.406250,-2.690654
1787227204437500000,2026-08-20T07:00:04.437500,-2.527033
1787227204468750000,2026-08-20T07:00:04.468750,-2.908815
1787227204500000000,2026-08-20T07:00:04.500000,-2.527033
1787227204531250000,2026-08-20T07:00:04.531250,-2.490673
1787227204562500000,2026-08-20T07:00:04.562500,-1.999811
1787227204593750000,2026-08-20T07:00:04.593750,-1.654389
1787227204625000000,2026-08-20T07:00:04.625000,-1.163526
1787227204656250000,2026-08-20T07:00:04.656250,-0.981725
1787227204687500000,2026-08-20T07:00:04.687500,-0.399962
1787227204718750000,2026-08-20T07:00:04.718750,-0.127261
1787227204750000000,2026-08-20T07:00:04.750000,-0.036360
1787227204781250000,2026-08-20T07:00:04.781250,0.036360
1787227204812500000,2026-08-20T07:00:04.812500,0.399962
1787227204843750000,2026-08-20T07:00:04.843750,0.545403
1787227204875000000,2026-08-20T07:00:04.875000,0.599943
1787227204906250000,2026-08-20T07:00:04.906250,0.927185
1787227204937500000,2026-08-20T07:00:04.937500,1.563488
1787227204968750000,2026-08-20T07:00:04.968750,1.654389
1787227205000000000,2026-08-20T07:00:05,1.908910
1787227205031250000,2026-08-20T07:00:05.031250,2.436133
1787227205062500000,2026-08-20T07:00:05.062500,2.654294
1787227205093750000,2026-08-20T07:00:05.093750,2.836095
1787227205125000000,2026-08-20T07:00:05.125000,3.254237
1787227205156250000,2026-08-20T07:00:05.156250,3.690559
1787227205187500000,2026-08-20T07:00:05.187500,3.945081
1787227205218750000,2026-08-20T07:00:05.218750,4.072342
1787227205250000000,2026-08-20T07:00:05.250000,4.526844
1787227205281250000,2026-08-20T07:00:05.281250,4.472304
1787227205312500000,2026-08-20T07:00:05.312500,4.890446
1787227205343750000,2026-08-20T07:00:05.343750,4.963166
1787227205375000000,2026-08-20T07:00:05.375000,5.363128
1787227205406250000,2026-08-20T07:00:05.406250,5.363128
1787227205437500000,2026-08-20T07:00:05.437500,5.690370
1787227205468750000,2026-08-20T07:00:05.468750,5.344948
1787227205500000000,2026-08-20T07:00:05.500000,5.072247
1787227205531250000,2026-08-20T07:00:05.531250,5.090427
1787227205562500000,2026-08-20T07:00:05.562500,4.963166
1787227205593750000,2026-08-20T07:00:05.593750,5.090427
1787227205625000000,2026-08-20T07:00:05.625000,5.181327
1787227205656250000,2026-08-20T07:00:05.656250,5.799451
1787227205687500000,2026-08-20T07:00:05.687500,5.999432
1787227205718750000,2026-08-20T07:00:05.718750,6.035792
1787227205750000000,2026-08-20T07:00:05.750000,5.963071
1787227205781250000,2026-08-20T07:00:05.781250,6.017612
1787227205812500000,2026-08-20T07:00:05.812500,5.708550
1787227205843750000,2026-08-20T07:00:05.843750,5.454029
1787227205875000000,2026-08-20T07:00:05.875000,5.617650
1787227205906250000,2026-08-20T07:00:05.906250,5.435849
1787227205937500000,2026-08-20T07:00:05.937500,5.326768
1787227205968750000,2026-08-20T07:00:05.968750,5.454029
1787227206000000000,2026-08-20T07:00:06,5.599470
1787227206031250000,2026-08-20T07:00:06.031250,5.617650
1787227206062500000,2026-08-20T07:00:06.062500,5.999432
1787227206093750000,2026-08-20T07:00:06.093750,6.326673
1787227206125000000,2026-08-20T07:00:06.125000,6.126692
1787227206156250000,2026-08-20T07:00:06.156250,5.908531
1787227206187500000,2026-08-20T07:00:06.187500,5.672190
